1|progress|전진(하다); 진보(하다)|0||
1|propose|제안하다; (이론 등을) 제시하다|0||
1|produce|생산[제조]하다; 농산물|0||
1|protect|보호하다, 막다, 지키다|0||
1|pros and cons|찬반양론, 장단점|0||
1|predict|예언하다, 예측[예상]하다|0||
1|precaution|조심, 경계; 예방책|0||
1|premature|시기상조의, 조급한; 너무 이른, 조기의|0||
1|preview|미리 보기; 시사(회), 시연(을 보다[보이다])|0||
1|forehead|이마|0||
1|forefather|선조, 조상|0||
1|foremost|으뜸가는, 중요한; 선두의, 맨 앞[먼저]의|0||
1|foresee|예견[예지]하다|0||
1|postpone|연기하다, 뒤로 미루다|0||
1|postscript|(편지의) 추신; (책, 논문 등의) 후기|0||
1|income|수입, 소득|0||
1|intake|섭취(량)|0||
1|infect|감염시키다; 오염시키다|0||
1|insight|통찰력|0||
1|invest|투자하다|0||
2|outcome|결과, 성과|0||
2|outline|개요; 윤곽, 외형|0||
2|outlook|전망, 예측; 견해, 사고방식; 경치|0||
2|outstanding|뛰어난, 아주 훌륭한, 두드러진|0||
2|outlet|(가스, 감정 등의) 배출구, 표출 방법; 상점|0||
2|outdo|~보다 뛰어나다, ~을 능가하다|0||
2|utter|완전한, 전적인; 말하다; (소리 등을) 내다|0||
2|utmost|최대의, 극도의|0||
2|overcome|(곤란, 장애 등을) 극복하다, 이겨내다|0||
2|overlook|간과하다; 못보고 넘어가다; 눈감아 주다|0||
2|overseas|해외로, 해외에 있는|0||
2|overhead|머리 위에, (하늘) 높이|0||
2|overtake|따라잡다; (재난 등이) 덮치다, 압도하다|0||
2|overwhelm|압도하다; 당황하게 하다|0||
2|overthrow|전복시키다; 폐지하다; 타도|0||
2|overwork|과로하다[시키다]|0||
2|extracurricular|정규 교과 과정 이외의, 과외의|0||
2|extraterrestrial|지구 밖의, 외계의|0||
2|extraordinary|이상한; 비범한, 대단한|0||
2|extrovert|외향적인 사람|0||
3|recover|(건강, 기능 등을) 회복하다; 되찾다|0||
3|recycle|재활용하다, 재생하다|0||
3|replace|대신하다; 교체하다, 대체하다|0||
3|reproduce|생식[번식]하다; 복제하다; 재생하다|0||
3|revive|소생[회복]시키다; 되살아나게 하다|0||
3|remain|여전히 ~인 상태이다; 남아 있다|0||
3|remove|제거하다; 옮기다, 이전시키다|0||
3|represent|~을 대변하다, 대표하다; 나타내다|0||
3|international|국제적인, 국가 간의|0||
3|interpret|통역하다; 이해하다; 연출하다|0||
3|interfere|간섭하다; 방해하다|0||
3|interaction|상호 작용, 상호 영향|0||
3|dialog(ue)|대화, 문답, 회화|0||
3|dialect|방언, 사투리|0||
3|diameter|지름, 직경|0||
3|transfer|전근(하다); 환승(하다); 전송(하다)|0||
3|transform|변형[변화]시키다|0||
3|translate|번역하다; ~로 여기다, 해석하다|0||
3|transplant|옮겨 심다; 이식(하다)|0||
4|depress|낙담시키다; 불경기로 만들다|0||
4|despise|경멸하다, 얕보다|0||
4|depart|떠나다, 출발하다|0||
4|detect|발견하다, 찾아내다|0||
4|descend|내려가다; (~의) 자손이다, 전해지다|0||
4|detach|분리하다, 떼어내다|0||
4|declare|선언[공언]하다; (세관 등에) 신고하다|0||
4|debate|토론[논쟁](하다); 숙고하다|0||
4|undergraduate|대학생(의), 학부생(의)|0||
4|undergo|(변화 등을) 겪다, 경험하다|0||
4|undertake|(떠)맡다, ~의 책임을 지다|0||
4|underlie|~의 기저를 이루다, 기본이 되다|0||
4|exhale|(숨을) 내쉬다, (공기 등을) 내뿜다|0||
4|expand|커지다, 팽창하다[시키다]|0||
4|explicit|뚜렷한, 명백한; 노골적인, 숨김없는|0||
4|expose|노출시키다, 드러내다; 폭로하다|0||
4|exaggerate|과장하다, 과장해서 말하다|0||
4|exchange|교환, 주고받기; 환전; 교환하다|0||
4|exhaust|지치게 하다; 다 써 버리다|0||
4|extinct|멸종한, 사멸한; 활동을 멈춘|0||
4|exceed|넘다, 초과하다|0||
4|ex-convict|전과자|0||
5|uneasy|불안한, 걱정스러운; 편치 않은|0||
5|unfair|불공평한, 부당한|0||
5|unfortunate|불운한, 불행한; 유감스러운|0||
5|unlikely|~할 것 같지 않은, 가망없는|0||
5|unusual|보통이 아닌, 평소와 다른; 유별난|0||
5|unlock|(문 등 잠긴 것을 열쇠로) 열다|0||
5|disagree|(의견이) 다르다; 일치하지 않다|0||
5|disappear|(시야에서) 사라지다, 없어지다|0||
5|disorder|무질서, 혼란; (심신의) 이상[불편]|0||
5|discourage|그만두게 하다; 낙담[실망]시키다|0||
5|dismiss|(의견 등을) 묵살하다; 해고하다|0||
5|dispose|(물건 등을) 배치하다; 처분하다|0||
5|display|전시(하다); 표현(하다)|0||
5|differ|(~와) 다르다; 일치하지 않다|0||
5|independent|독립한, 자주의; 독립심이 강한|0||
5|inevitable|피할 수 없는, 불가피한|0||
5|inexpensive|저렴한, 비싸지 않은|0||
5|illegal|불법의|0||
5|immoral|부도덕한|0||
5|irrelevant|(~와) 관계가 없는, 상관없는|0||
6|antibiotic|항생 물질|0||
6|antibody|항체, 항독소|0||
6|antarctic|남극의; 남극 대륙|0||
6|antonym|반의어|0||
6|contrast|대조(하다), 대비(하다)|0||
6|contrary|(~와) 반대의; 반대(되는 것)|0||
6|counterattack|반격(하다), 역습(하다)|0||
6|counterfeit|위조의, 가짜의; 위조하다|0||
6|counterpart|(직위, 목적등이) 대응하는 사람, 상대(방)|0||
6|controversy|논쟁, 언쟁, 논란|0||
6|misfortune|불운, 불행, 역경|0||
6|mislead|오도하다; 속이다, 오해하게 하다|0||
6|misbehave|버릇 없이 굴다; 비행을 저지르다|0||
6|withdraw|철회[취소]하다; 그만두다; 인출하다|0||
6|withhold|(꼭 쥐고) 주지 않다; 유보하다|0||
6|withstand|저항하다; 견디다|0||
6|separate|분리된, 갈라진; 별개의; 분리시키다|0||
6|secure|안전한; 확실한; 확보하다|0||
6|select|선택하다, 고르다|0||
6|segregate|차별하다; 분리[격리]하다|0||
7|superior|우수한, 보다 나은; 상위[상급]의|0||
7|superb|뛰어난, 멋진|0||
7|superficial|표면의, 외견상의; 피상적인|0||
7|sovereign|통치자; 주권이 있는|0||
7|surface|표면; 외관; 떠오르다|0||
7|uphold|(법, 제도 등을) 지지하다; 떠받치다|0||
7|upright|똑바로 선; 올바른; 똑바로|0||
7|upset|기분이 상한, 화난; (위장 등이) 탈이 난|0||
7|upside|위쪽, 윗면|0||
7|submarine|잠수함; 해저의|0||
7|subconscious|잠재의식(의)|0||
7|suffer|(고통 등을) 겪다; (병 등을) 앓다|0||
7|suggest|제안[제의]하다; 암시하다|0||
7|support|지지(하다); 부양(하다); 받치다|0||
7|suppress|진압하다; 억제하다; (감정 등을) 참다|0||
7|anticipate|예상[예측]하다; 기대하다|0||
7|antique|고대의, 옛날의; 골동품|0||
7|advantage|유리한 조건[입장]; 이점|0||
7|ancestor|조상, 선조|0||
7|ancient|고대의, 옛날의|0||
7|advance|전진(하다[시키다]); 진보(하다[시키다])|0||
8|company|회사; 친구, 동료; 일행, 동석|0||
8|compile|편집[편찬]하다; (자료를) 수집하다|0||
8|compose|구성하다; 작곡하다, (글을) 쓰다|0||
8|compromise|타협(하다), 절충(하다)|0||
8|conform|(관습, 법, 규칙 등에) 순응하다, 따르다|0||
8|confront|직면하다; ~에 맞서다|0||
8|correspond|해당[대응]하다; 일치[부합]하다|0||
8|confirm|(예약 등을) 확인하다; (사실임을) 보여주다|0||
8|condense|농축[응축]시키다[되다]; 요약하다|0||
8|sympathy|동정(심), 연민; 동감, 공감, 찬성|0||
8|symphony|교향곡, 심포니|0||
8|synchronize|동시에 발생하다[움직이다]|0||
8|synthetic|합성의, 인조의; 종합적인|0||
8|multimedia|멀티미디어(의)|0||
8|multiple|다수의, 다양한; 배수(의)|0||
8|multitude|다수; 군중|0||
8|absorb|(액체, 기체를) 흡수하다; 받아들이다|0||
8|abnormal|비정상적인|0||
8|absolute|절대적인; 확실한; 무제한의|0||
8|absurd|어리석은, 터무니없는; 불합리한|0||
9|enable|~할 수 있게 하다, 가능하게 하다|0||
9|enforce|시행[집행]하다; 강요하다|0||
9|enlarge|크게 하다, 확장하다|0||
9|enrich|높이다, 풍부하게 하다|0||
9|entitle|자격[권리]을 주다; 명칭을 붙이다|0||
9|enclose|(물건, 장소를) 둘러싸다; 동봉하다|0||
9|autograph|사인, 자필 서명; 자필 서명하다|0||
9|autobiography|자서전|0||
9|automobile|자동차(의)|0||
9|telepathy|텔레파시, (원거리) 정신 감응|0||
9|telescope|망원경|0||
9|perfect|완전(무결)한, 완벽한; 완벽하게 하다|0||
9|permanent|오랫동안 지속되는; 영구적인|0||
9|persevere|노력하다, 인내하다, 견디다|0||
9|persist|계속 ~하다, 고집하다; 존속하다|0||
9|persuade|설득하다; 납득시키다|0||
9|perfume|향수; (좋은) 냄새|0||
9|perspective|관점, 시각, 견해; 사리분별(력)|0||
10|adjust|맞추다, 조정하다; 적응하다|0||
10|accompany|동행하다; 수반하여 일어나다|0||
10|account|계좌; 보고(서), 설명; 이유를 밝히다|0||
10|accumulate|(돈, 재산, 물건 등을[이]) 모으[이]다|0||
10|accuse|고발[기소]하다; 비난하다|0||
10|accustomed|(~에) 익숙해진, 습관이 된|0||
10|appoint|임명[지정]하다; (시간, 장소를) 정하다|0||
10|approach|접근(하다); 이야기를 꺼내다; 다루다|0||
10|abandon|버리다, 떠나다; 포기하다|0||
10|await|기다리다, 대기하다|0||
10|arrogant|거만한, 오만한|0||
10|aboard|배 위에, 기내에, 찻간에|0||
10|abroad|외국에, 해외로|0||
10|alike|비슷한, 서로 같은; 동등하게|0||
10|arise|발생하다, 생기다; 깨다, 일어나다|0||
10|arouse|(감정을) (불러) 일으키다|0||
10|amaze|깜짝 놀라게 하다|0||
10|ashamed|부끄러워하는, 창피한|0||
10|geography|지리학; (특정 지역의) 지리, 지세|0||
10|geology|지질학; 지질학적 특징, 지질|0||
10|geometry|기하학|0||
11|monarch|군주, 제왕|0||
11|monolog(ue)|(혼자서만 하는) 긴 이야기; 독백|0||
11|union|(노동) 조합; 단체, 클럽; 연합|0||
11|unique|보통이 아닌, 특별한, 독특한|0||
11|unify|통일하다, 통합하다|0||
11|unity|단결, 결속; 통일성, 조화|0||
11|universe|우주, 만물; 전 세계|0||
11|bicycle|자전거|0||
11|bilingual|2개 국어를 구사할 수 있는|0||
11|duplicate|복사[복제]하다; 복사의; 복사본|0||
11|twilight|황혼, 땅거미, 어스름|0||
11|twist|비틀다; 왜곡하다; 비틀기; 굴곡|0||
11|triangle|삼각형 (모양); 삼각관계|0||
11|tribe|부족, 종족|0||
11|triple|세 겹의, 세 부분으로 된|0||
11|trivial|사소한, 하찮은|0||
12|movable|움직일 수 있는|0||
12|reliable|믿을 수 있는|0||
12|sensible|분별 있는|0||
12|careful|주의 깊은|0||
12|hopeful|희망에 찬|0||
12|forceful|강력한|0||
12|countless|셀 수 없는, 무수히 많은|0||
12|endless|끝없는|0||
12|basic|기초적인|0||
12|typical|전형적인|0||
12|familiar|친근한|0||
12|supplementary|보충의|0||
12|satisfactory|만족스러운|0||
12|costly|비싼|0||
12|timely|시기적절한|0||
12|dangerous|위험한|0||
12|ambitious|야심 찬|0||
12|fortunate|운이 좋은|0||
12|favorite|매우 좋아하는|0||
12|pleasant|즐거운|0||
12|different|다른|0||
12|foolish|어리석은, 터무니없는; 불합리한|0||
12|selfish|이기적인|0||
12|national|국가의|0||
12|spiritual|정신적인|0||
12|active|활동적인|0||
12|informative|유익한|0||
12|healthy|건강한|0||
12|risky|위험한|0||
12|childish|유치한|0||
12|childlike|천진난만한|0||
12|comparable|비교될 만한|0||
12|comparative|비교적인, 상대적인|0||
12|considerable|상당한|0||
12|considerate|생각이 깊은, 배려하는|0||
12|continual|빈번한, 반복되는|0||
12|continuous|끊임없는, 계속 이어지는|0||
12|economic|경제(학)의|0||
12|economical|절약이 되는|0||
12|historic|역사적으로 중요한|0||
12|historical|역사(상)의|0||
12|industrial|산업의|0||
12|industrious|근면한|0||
12|intellectual|지적인|0||
12|intelligent|총명한|0||
12|respectable|존경할 만한|0||
12|respectful|경의를 표하는|0||
12|sensible|분별 있는|0||
12|sensitive|민감한|0||
12|social|사회적인|0||
12|sociable|사교적인|0||
12|literal|글자 그대로의|0||
12|literary|문학의|0||
12|literate|읽고 쓸 줄 아는|0||
12|successful|성공적인|0||
12|successive|연속적인|0||
12|imaginable|상상할 수 있는|0||
12|imaginative|상상력이 풍부한|0||
12|imaginary|상상의|0||
13|interviewer|면접관|0||
13|interviewee|면접 대상자|0||
13|inventor|발명가|0||
13|prosecutor|검사|0||
13|assistant|보조자|0||
13|attendant|수행원|0||
13|servant|하인|0||
13|resident|거주자|0||
13|novelist|소설가|0||
13|psychologist|심리학자|0||
13|relative|친척|0||
13|representative|대표자|0||
13|secretary|비서|0||
13|missionary|전도사|0||
13|economics|경제학|0||
13|politics|정치학|0||
13|physics|물리학|0||
13|appearance|출현; 외모|0||
13|difference|차이(점)|0||
13|certainty|확실성|0||
13|ability|능력|0||
13|discovery|발견|0||
13|bravery|용기|0||
13|arrival|도착|0||
13|proposal|제안|0||
13|creature|창조물|0||
13|failure|실패|0||
13|agreement|동의|0||
13|assessment|평가|0||
13|movement|움직임|0||
13|translation|번역|0||
13|introduction|소개|0||
13|invitation|초대|0||
13|truth|진실|0||
13|width|너비|0||
13|kindness|친절|0||
13|weakness|허약함|0||
13|accuracy|정확함|0||
13|privacy|사생활|0||
13|citizenship|시민권|0||
13|leadership|통솔력|0||
13|childhood|유년기|0||
13|neighborhood|근처, 이웃|0||
13|realism|현실주의|0||
13|optimism|낙천주의|0||
13|criticism|비평|0||
13|booklet|소책자|0||
13|leaflet|(광고용) 전단|0||
13|cigarette|담배|0||
13|realize|실현하다|0||
13|civilize|문명화하다|0||
13|originate|유래하다|0||
13|motivate|동기를 부여하다|0||
13|justify|정당화하다|0||
13|simplify|단순화하다|0||
13|deepen|깊게 하다|0||
13|frighten|무섭게 하다|0||
13|loudly|큰 소리로|0||
13|comfortably|편안하게|0||
13|eastward|동쪽으로|0||
13|upward|위쪽으로|0||
13|always|항상|0||
13|anyway|어쨌든|0||
13|otherwise|달리, 다르게|0||
14|agent|대리인[점], 대행사, 중개인|0||
14|agony|(정신적, 육체적으로) 극심한 고통|0||
14|active|활동적인; 적극적인|0||
14|actual|실제의, 정확한, 진짜의|0||
14|react|반응하다; 반작용하다|0||
14|navigate|길을 찾다; 항해하다; 잘 다루다|0||
14|altitude|고도, 높이, 해발|0||
14|abolish|(법률 등을) 폐지하다, 없애다|0||
14|adolescent|사춘기 청소년(의), 청년(의)|0||
14|adult|성인(이 된), 어른(의)|0||
14|alter|바꾸다, 달라지다, 변하(게 하)다|0||
14|alternative|대안, 대체(물); 대안의|0||
14|alien|외국(인)의; 이질적인, 다른|0||
14|anguish|극심한 고통, 고뇌|0||
14|anxious|걱정하는; 갈망[열망]하는|0||
14|anniversary|(해마다 있는) 기념일|0||
14|annual|해마다의; 일 년(간)의|0||
14|apt|~하는 경향이 있는, ~하기 쉬운|0||
14|adapt|적응시키다[하다], 적합하게 하다|0||
14|attitude|의견, 심정, 태도, 마음가짐|0||
15|artificial|인공의, 모조의; 거짓된|0||
15|artisan|장인, 기능공|0||
15|artist|예술가, 미술가|0||
15|disaster|(뜻밖의) 재난, 참사, 큰 불행|0||
15|astronaut|우주 비행사|0||
15|astronomy|천문학|0||
15|astrology|점성학, 점성술|0||
15|consider|(곰곰이) 생각하다, 숙고하다|0||
15|audience|청중, 관객, 시청[청취]자|0||
15|obey|(~에) 복종하다, 따르다|0||
15|bandage|붕대(를 감다)|0||
15|bond|결속, 유대; 채권; 접착제, 본드|0||
15|bundle|다발, 꾸러미|0||
15|bind|묶다; 결속시키다; 속박[제한]하다|0||
15|bar|주점; 막대, 빗장; 토막; 장애(물); 막다|0||
15|barrier|울타리; 장애물, 장벽|0||
15|embarrass|당황하게 하다, 난처하게 하다|0||
15|biography|전기, 일대기|0||
15|biology|생물학|0||
16|capital|수도, 중심지; 대문자(의)|0||
16|capable|~할 수 있는; 유능한|0||
16|capture|붙잡다, 생포(하다); 사로잡다|0||
16|chief|주요한, 중요한; 최고의; 우두머리(의)|0||
16|achieve|이루다, 성취[달성]하다|0||
16|occupy|차지하다; 사용하다; 점령하다|0||
16|participate|(~에) 참가[참여]하다|0||
16|accept|수락하다, 받아들이다; 인정하다|0||
16|except|~을 제외하고|0||
16|deceive|속이다, 기만하다|0||
16|receive|받다, 수령하다; 받아들이다|0||
16|perceive|인지하다, 알아차리다|0||
16|conceive|생각해 내다, 고안하다; 상상하다|0||
16|conceit|자만심, 자부심|0||
16|career|직업; 경력; 직업적인|0||
16|carpenter|목수|0||
16|carriage|탈 것; 4륜 마차|0||
16|carrier|운송 회사; 운반인, 운반[수송]기|0||
16|charge|요금; 고발; 책임; 요금을 청구하다|0||
16|discharge|해임(하다); 방출(하다); 이행(하다)|0||
17|cast|(빛, 그림자를) 드리우다; 배우를 정하다|0||
17|broadcast|방송(하다), 방영(하다); 방영물|0||
17|forecast|예상[예측](하다), 예보(하다)|0||
17|precede|~보다 먼저 일어나다, ~에 선행하다|0||
17|exceed|(수, 한도 등을) 넘다, 초과하다|0||
17|proceed|계속하다[되다], 진행하다[되다]|0||
17|succeed|성공하다, 성과를 거두다; 계승하다|0||
17|predecessor|전임자|0||
17|incessant|끊임없는|0||
17|access|접근(성); 입수하다, 접근하다|0||
17|cease|그만두다, 멈추다, 끝나다|0||
17|concentrate|집중하다, 전념하다; 모으[이]다|0||
17|eccentric|(행동 등이) 괴상한, 이상한|0||
17|concern|걱정, 염려; 관심사; 관계|0||
17|discern|알아차리다, 인식하다; 분별하다|0||
17|discriminate|차별(대우)하다; 식별하다|0||
17|crisis|위기, 어려운 상황, 중요한 국면|0||
17|criticize|비판[비난]하다; 비평하다|0||
17|certain|확실한; 특정한; 어떤|0||
17|certificate|증명서, 이수[수료] 증명서|0||
18|accident|사고, 재난; 우연한 일|0||
18|incident|(특히 폭력적이거나 위험한) 사건|0||
18|casual|느긋한, 무관심한; 평상시의|0||
18|occasion|(특정한) 때, 경우; 특별한 일[행사]|0||
18|decay|썩다; 쇠퇴하다; 부패, 쇠퇴|0||
18|suicide|자살|0||
18|decision|결정; 결단력|0||
18|precise|(수치, 정보 등이) 정확한, 정밀한|0||
18|circular|원형의, 둥근; 순환하는, 순회의|0||
18|circulate|돌다, 순환하다; 퍼지다; 배포하다|0||
18|circumstance|주위의 사정, 상황; 환경, 처지|0||
18|circuit|순회 (여행); 주위, 둘레; 회로|0||
18|cite|언급하다; 인용하다; 소환하다|0||
18|recite|낭송[낭독]하다|0||
18|excite|흥분시키다, (남을) 자극하다|0||
18|civil|시민의, 민간인의; 민사의|0||
18|civilize|문명화하다|0||
18|citizen|시민; 국민|0||
18|claim|(권리, 소유권, 사실 여부 등을) 주장(하다)|0||
18|exclaim|외치다, 큰 소리로 말하다|0||
18|proclaim|(공식적으로) 선언하다, 공표하다|0||
18|council|협의회, 심의회; 지방 의회|0||
19|decline|감소[하락](하다); 거절하다|0||
19|inclined|~할 마음[경향]이 있는|0||
19|climate|(특정 지역의) 기후; 풍토, 분위기|0||
19|conclude|결론을 내리다; 결말짓다|0||
19|include|포함[함유]하다; 넣다|0||
19|exclude|제외하다, 배척하다; 막다|0||
19|closet|(붙박이형) 벽장|0||
19|disclose|들추어내다, 폭로하다|0||
19|recognize|알아보다, 식별[분간]하다; 인정하다|0||
19|diagnose|진단하다, 원인을 규명하다|0||
19|ignore|(의도적으로) 무시하다|0||
19|noble|고상한, 숭고한; 귀족(의)|0||
19|acknowledge|인정하다; 사례하다|0||
19|acquaint|(정보 등을) 주다, 숙지시키다|0||
19|cordial|진심에서 우러난, 우정 어린|0||
19|discord|(의견 등의) 불일치, 불화|0||
19|accord|일치; 협정; 조화하다[시키다]|0||
19|courage|용기, 대담함|0||
19|encourage|용기를 북돋우다; 장려하다|0||
19|core|핵심(의), 가장 중요한 (부분)|0||
19|corporate|회사[법인]의; 단체의, 공동의|0||
19|corps|군단; (특정 일, 활동을 하는) 단체|0||
20|create|창조하다, 창작하다, 만들어내다|0||
20|recreate|다시 만들다, 개조하다|0||
20|increase|증가하다[시키다]; 늘(리)다|0||
20|decrease|감소하다[시키다]; 줄(이)다|0||
20|concrete|구체적인; 콘크리트(로 만든)|0||
20|recruit|채용하다, 모집하다; 신병, 신입사원|0||
20|credit|신용[외상] (거래); 칭찬; 이수 학점|0||
20|incredible|믿어지지 않는, 놀랄 만한|0||
20|creed|신조, 신념; (종교상의) 교의|0||
20|cultivate|경작하다, 재배하다; 계발하다|0||
20|culture|문화, 문명; 지적, 예술적 활동, 교양|0||
20|agriculture|농업, 농사, 농학|0||
20|colony|식민지; 집단, 부락|0||
20|excursion|짧은 여행, 소풍|0||
20|current|현재의, 현행의; 흐름|0||
20|curriculum|교과[이수] 과정, 교과목|0||
20|occur|발생하다, 일어나다|0||
20|cure|치료(법), 치료약; 치료하다|0||
20|curious|호기심이 강한; 이상한, 묘한|0||
20|accurate|정확한, 정밀한|0||
20|damage|손해[손상](를 입히다)|0||
20|condemn|비난하다, 책망하다|0||
21|debt|빚, 채무; 신세, 빚진 것|0||
21|due|~하기로 되어 있는; ~에 기인하는|0||
21|duty|(법적, 도덕적인) 의무; 세금|0||
21|render|~를 ...한 상태로[가] 만들다[되게 하다]|0||
21|surrender|항복(하다); 양도(하다)|0||
21|rent|임대[임차]료; 임대[임차]하다|0||
21|add|추가하다; 덧붙여 말하다|0||
21|edition|(간행물의) 판|0||
21|dictate|받아쓰게 하다; 명령[지시]하다|0||
21|addict|중독자|0||
21|contradict|반박하다; ~와 모순되다|0||
21|dedicate|(시간, 노력 등을) 바치다, 헌신하다|0||
21|indicate|가리키다; 암시하다, 나타내다|0||
21|index|색인, 목록; 지표, 지수|0||
21|donation|기부(금), 기증(품)|0||
21|anecdote|일화|0||
21|dose|(약의 1회분) 복용량, 투여량|0||
21|conduct|수행하다, 실시하다; 이끌다|0||
21|educate|교육하다, 가르치다|0||
21|deduct|빼다, 공제하다|0||
21|induce|설득하여 ~하게 하다; 야기하다|0||
21|introduce|소개하다; 도입하다, 들여오다|0||
21|reduce|감소시키다, 줄이다, 낮추다|0||
22|electric|전기의, 전기로 작동하는|0||
22|electronic|전자의, 전자 공학의|0||
22|equal|같은, 평등한; ~에 필적하다|0||
22|equivalent|동등한, 대등한; ~에 상당하는|0||
22|adequate|충분한, 적당한; 괜찮은|0||
22|identify|확인하다; 동일시하다|0||
22|essence|본질, 진수, 정수; 핵심|0||
22|absent|결석[결근]한, 없는, 결여된; 멍한|0||
22|present|출석하고 있는; 현재(의); 주다; 나타내다; 선물|0||
22|estimate|평가(하다), 추정(하다); 견적(서)|0||
22|overestimate|과대평가하다|0||
22|esteem|존경, 경의; 존중하다|0||
22|fable|우화|0||
22|fate|운명, 숙명|0||
22|fame|명성, 평판|0||
22|infancy|유아기; 초기 (단계)|0||
22|preface|머리말, 서문|0||
22|confess|인정하다, 시인하다; 고백하다|0||
22|profess|공언하다|0||
23|manufacture|제조(하다), 생산(하다); 꾸며내다|0||
23|facility|(편의) 시설, 설비; 기능; 장소|0||
23|faculty|(대학의) 학부; (대학 등의) 교수진|0||
23|factor|요소, 요인|0||
23|factual|사실에 입각한, 사실적인|0||
23|effect|효과, 영향; 결과|0||
23|affect|영향을 미치다; ~인 체하다, 가장하다|0||
23|defect|결점, 결함, 결핍|0||
23|fiction|소설; 꾸며낸 이야기|0||
23|proficient|숙달된, 능숙한|0||
23|sufficient|충분한|0||
23|efficient|능률적인, 효율적인|0||
23|profit|(금전적인) 이익, 수익|0||
23|benefit|이익, 이점; ~에 득[도움]이되다|0||
23|qualify|자격[권한]을 얻다[주다], 적임이다|0||
23|satisfy|만족시키다, 충족시키다|0||
23|affair|일, 활동; 사건, 스캔들(추문)|0||
23|false|거짓의, 가짜의|0||
23|fail|실패(하다); ~하지 않다[못하다]|0||
23|fault|잘못, 과실; 결점|0||
23|fare|(교통 기관의) 요금, 운임|0||
23|farewell|작별 (인사); 작별의|0||
23|welfare|복지, 복리, 행복, 번영|0||
24|defend|방어하다; 변호[변론]하다|0||
24|offend|화나게 하다; 위반하다|0||
24|prefer|~을 더 좋아하다, 차라리 ~을 택하다|0||
24|refer|언급하다; 참조하다|0||
24|confer|의논하다, 협의하다; 수여하다|0||
24|infer|추론하다, 추정[추측]하다|0||
24|indifferent|(~에) 무관심한, 동정심이 없는|0||
24|fertile|(땅이) 기름진, 비옥한; 많이 낳는|0||
24|confident|확신하고 있는; 자신만만한|0||
24|faith|신뢰, 믿음; 신념, 신앙|0||
24|defy|반항하다; (법률 등을) 무시하다|0||
24|final|최종적인, 최후의; 최후의 것; 결승(전)|0||
24|finance|재정, 재무; 재원, 자금; 융자하다|0||
24|confine|한정[제한]하다; 가두다|0||
24|refine|정제하다; 개선하다, 다듬다|0||
24|define|규정[한정]하다; 정의하다|0||
24|infinite|무한한|0||
24|reflect|반사하다; 반영하다; 숙고하다|0||
24|flexible|융통성 있는; 구부리기 쉬운|0||
24|conflict|대립(하다), 충돌(하다)|0||
24|inflict|(고통이나 타격을) 가하다, (벌 등을) 주다|0||
25|fluid|액체; 유동적인, 변하기 쉬운|0||
25|fluent|유창한, 능통한|0||
25|influence|영향(력); 영향을 미치다|0||
25|influenza|유행성 감기, 독감|0||
25|form|형태; 형식; 형성하다[되다]|0||
25|inform|알리다, 통지하다|0||
25|reform|개혁(하다[되다]), 개선(하다[되다])|0||
25|formula|방식, 방법; 공식, 식|0||
25|fort|요새, 성채, 보루|0||
25|effort|노력, 수고|0||
25|comfort|편안함; 위로; 편안하게 하다|0||
25|force|힘; 폭력; 병력; 강요하다|0||
25|reinforce|강화하다, 증강[보강]하다|0||
25|fragment|파편, 조각|0||
25|fragile|부서지기 쉬운, 깨지기 쉬운|0||
25|fraction|단편, 일부, 소량; 분수|0||
25|fund|기금, 자금; 자금을 제공하다|0||
25|fundamental|근본적인, 기본적인; 중요한, 필수의|0||
25|profound|(영향, 효과 등이) 강한; 심오한|0||
25|found|설립하다; ~에 기초를 두다|0||
25|confuse|혼동시키다[하다]; 뒤섞다|0||
25|refuse|거절하다, 사절하다|0||
25|futile|쓸모없는, 무익한|0||
25|refund|환불, 반환(금); 환불[반환]하다|0||
26|regard|(~으로) 여기다, 간주하다|0||
26|garment|의류, 옷가지|0||
26|guard|경호원, 경비원; 지키다, 보호하다|0||
26|guarantee|보장[보증]하다, 장담하다; 보증(서)|0||
26|generate|생산[창출]하다, 일으키다|0||
26|generous|관대한, 인색하지 않은; 풍부한|0||
26|general|일반적인, 보편적인|0||
26|genetic|유전학의, 유전적인|0||
26|genius|천재(적 재능)|0||
26|gentle|온화한, 친절한; 부드러운|0||
26|genuine|진짜의, 진품의; 진실된|0||
26|ingenious|독창적인, 발명에 재능이 있는|0||
26|oxygen|산소|0||
26|hydrogen|수소|0||
26|pregnant|임신한; (의미,  중요성 등을) 품은|0||
26|gesture|몸짓, 제스처; (감정 등의) 표현|0||
26|digest|소화하다[되다]; 이해하다; 요약|0||
26|register|등록하다, 이름을 적다; 기록|0||
26|gradual|점진적인, 점차적인|0||
26|graduate|졸업하다; (대학) 졸업생, 학사|0||
26|aggressive|공격적인; 적극적인, 진취적인|0||
26|congress|의회, 국회|0||
26|degree|정도, 단계; 도; 학위|0||
26|ingredient|(음식 등의) 재료; 성분, (구성) 요소|0||
27|graphic|생생한, 사실적인; 도표의|0||
27|paragraph|(문장의) 단락; 짧은 기사|0||
27|photograph|사진; 사진을 찍다|0||
27|grammar|문법 (체계)|0||
27|congratulate|축하하다, 축하의 말을 하다|0||
27|gratitude|감사(의 마음)|0||
27|agree|동의하다, 의견이 일치하다; 승낙하다|0||
27|grace|우아함; 친절함; 은총, 은혜|0||
27|grave|무덤; 중대한; 진지한|0||
27|aggravate|악화시키다; 화나게 하다|0||
27|grieve|비통해 하다, 슬프게 하다|0||
27|habit|(몸에 밴) 습관, 버릇|0||
27|inhabit|(~에) 살다, 서식하다, 거주하다|0||
27|habitat|(동식물의) 서식지, 거주지|0||
27|exhibit|전시(하다), 진열(하다)|0||
27|prohibit|(법, 규칙 등으로) 금지하다|0||
27|able|~할 수 있는; 유능한|0||
27|heredity|유전|0||
27|heritage|전통문화[유산]|0||
27|inherit|물려받다, 상속하다; 유전되다|0||
27|heir|(재산, 지위 등의) 상속인, 후계자|0||
28|host|(손님을 접대하는) 주인; 주최하다|0||
28|hostile|적대적인, 비우호적인|0||
28|hospitable|환대하는, 친절한, (대접이) 후한|0||
28|human|인간의, 사람의; 인간, 사람|0||
28|humble|겸손한, 자기를 낮추는; 비천한|0||
28|humility|겸손|0||
28|humiliate|굴욕감을 주다, 자존심을 상하게 하다|0||
28|peninsula|반도|0||
28|isolate|고립시키다, 격리시키다|0||
28|exit|출구; 퇴장; 나가다|0||
28|initial|처음의, 최초의; 머리글자|0||
28|initiate|시작[개시]하다; 전(수)하다|0||
28|transit|통과, 통행; 운송, 수송|0||
28|perish|죽다, 소멸하다|0||
28|issue|논쟁점, 문제; 발행(물), 출판(물)|0||
28|inject|주입하다, 주사하다|0||
28|object|물체; 목적; 대상; 반대하다|0||
28|subject|주제; 과목; 피실험자; 영향받기 쉬운|0||
28|project|프로젝트, 계획; 예상하다|0||
28|reject|거절[거부]하다, 불학격품[자]|0||
28|just|바로, 틀림없이; 단지, 그저; 올바른|0||
28|justify|정당화하다, 옳다고 하다|0||
28|judge|재판관, 판사; 심판; 판단하다|0||
28|prejudice|편견, 선입관; 편견을 갖게 하다|0||
28|injure|상처 입히다, 다치게 하다|0||
29|labor|노동, 근로; 노동자; 일하다|0||
29|laboratory|실험실, 연구소[실]|0||
29|elaborate|정교한, 정성들여 만든|0||
29|collaborate|협력하다, 공동으로 하다|0||
29|relate|관계를 짓다, 관련시키다|0||
29|legislate|법률을 제정하다, 입법하다|0||
29|relax|쉬다, 긴장을 풀다; 완화하다|0||
29|analyze|분석하다, 검토하다, 분해하다|0||
29|paralyze|마비시키다, 활동 불능이 되게 하다|0||
29|release|석방(하다); 공개(하다); 표출하다|0||
29|delay|연기하다, 늦추다; 연기, 지연|0||
29|relay|전달하다; 중계(하다)|0||
29|collect|수집하다, 모으다; 징수하다|0||
29|recollect|생각해내다, 회상하다|0||
29|elect|선출[선거]하다|0||
29|neglect|소홀히[게을리] 하다; 무시[간과]하다|0||
29|intellect|지성, 지력, 사고력; 지식인|0||
29|lecture|강의[강연](하다); 훈계(하다)|0||
29|elegant|우아한, 고상한, 세련된|0||
29|legend|전설(적인 인물)|0||
29|diligence|근면, 부지런함|0||
30|legal|법률(상)의; 합법적인|0||
30|privilege|특권, 특전|0||
30|delegate|대표자, 대리인; 위임하다|0||
30|legacy|유산, 유물, 물려받은 것|0||
30|colleague|(직장) 동료|0||
30|loyal|충성스러운, 충실한|0||
30|elevate|(지위, 수준 등을) 높이다, 향상시키다|0||
30|relevant|(당면 문제와) 관계가 있는, 관련된|0||
30|relieve|(고통, 고민 등을) 경감[완화]시키다|0||
30|liberal|관대한, 개방적인; 자유주의의; 후한|0||
30|liberate|자유롭게 하다, 해방[석방]하다|0||
30|deliver|배달하다, 전하다; 강연하다|0||
30|oblige|(~하도록) 의무를 지우다, 강요하다|0||
30|religion|종교; 신조|0||
30|ally|동맹[연합]국, 동맹[협력]자|0||
30|rally|집회, 대회; (주가 등의) 회복|0||
30|liable|(~에 대해) 책임을 져야 할|0||
30|eliminate|제거하다, 없애다|0||
30|preliminary|예비[준비](의), 서두(의)|0||
30|limit|제한(선); 한계(량); 제한하다|0||
31|literal|(의미 등이) 글자 그대로의|0||
31|literate|읽고 쓸 줄 아는|0||
31|literature|문학; 문헌|0||
31|literary|문학의, 문예의|0||
31|local|(그) 지역의, 지방의, 현지의|0||
31|locate|(~의) 위치를 파악하다[~에 정하다]|0||
31|allocate|(임무, 자금, 시간 등을) 할당하다|0||
31|logic|논리(학), 논법|0||
31|apology|사과, 사죄|0||
31|prologue|머리말, 프롤로그; 전조, 발단|0||
31|ecology|생태학, 생태계|0||
31|psychology|심리학; 심리 (상태)|0||
31|long|간절히 바라다; 긴; 오랫동안|0||
31|belong|(~에) 속하다, ~의 것이다|0||
31|prolong|연장하다, 지속시키다|0||
31|length|길이, 세로; 기간|0||
31|linger|오래 머무르다, (오랜 기간) 지속되다|0||
32|magnitude|거대함; 중요함|0||
32|magnify|확대하다, 크게 (보이게) 하다|0||
32|master|대가, 정통한 사람; 정통하다|0||
32|masterpiece|(최고) 걸작, 대표작, 명작|0||
32|major|(더) 중요한, 주된; 전공(하다)|0||
32|mayor|시장|0||
32|majestic|위엄 있는, 장엄한|0||
32|maximum|최대(의), 최고(의)|0||
32|demand|요구[요청](하다), 청구하다; 수요|0||
32|command|명령[지시](하다); 지휘[통제](하다)|0||
32|recommend|(~하도록) 권하다; 추천하다|0||
32|manual|육체 노동의; 수동의; 안내서|0||
32|manuscript|원고; 손으로 쓴 책[문서], 사본|0||
32|maintain|(관계, 상태 등을) 유지하다, 지속하다|0||
32|manipulate|(사람 등을) (부정하게) 조종하다, 조작하다|0||
32|manage|관리하다, 경영하다; 어떻게든 (결국) 해내다|0||
32|mechanism|기계 장치; 구조, 메커니즘|0||
32|mechanic|기계공, 수리공|0||
32|machinery|기계류|0||
33|medium|중간의; 매개(물), 매체|0||
33|medi(a)eval|중세의, 중세풍의|0||
33|mediate|조정[중재]하다, 화해시키다|0||
33|Mediterranean|지중해; 지중해의|0||
33|immediate|즉시의, 즉각의; 시급한, 당면한|0||
33|intermediate|중급의; 중간의, 중간 단계의; 중급자|0||
33|mean|의미하다; 의도하다; 비열한; 인색한|0||
33|meanwhile|그 동안에; 한편으로는|0||
33|memory|기억(력), 추억; 기념, 추모|0||
33|remember|기억하다; 상기하다, 생각해내다|0||
33|mental|정신의, 마음의|0||
33|mention|언급[거론](하다), ~에 대해 말하다|0||
33|comment|의견(을 말하다), 논평(하다)|0||
33|monument|기념물, 기념관|0||
33|monitor|(컴퓨터, TV 등의) 화면; 감독[감시]하다|0||
33|summon|호출하다, (법원에) 소환하다|0||
33|remind|상기시키다; 생각나게 하다|0||
33|commerce|상업, 무역|0||
33|merchant|상인, 무역상|0||
33|mercy|자비, 관용|0||
34|thermometer|온도계|0||
34|measure|재다, 측정하다; 조치, 대책; 척도, 기준|0||
34|dimension|(길이, 높이, 폭 등의) 치수; 측면; 차원|0||
34|immense|거대한, 매우 큰|0||
34|migrate|(사람이) 이주하다, (계절에 따라) 이동하다|0||
34|immigrate|(다른 나라에서) 이민 오다|0||
34|emigrate|(다른 나라로) 이민 가다|0||
34|minor|작은, 적은, 덜 중요한|0||
34|minister|성직자, 목사; (유럽, 한국 등의) 장관|0||
34|administer|경영[관리]하다; 집행하다; 투여하다|0||
34|diminish|감소하다[시키다], 줄(이)다|0||
34|eminent|저명한, 존경받는, 중요한|0||
34|imminent|긴박한, 곧 일어날 것 같은|0||
34|prominent|저명한, 중요한; 눈에 띄는|0||
34|minimum|최소(의), 최소[최저] 한도(의)|0||
34|miracle|기적, 놀라운 일|0||
34|admire|존경하다, 찬양하다|0||
34|marvel(l)ous|(매우) 훌륭한, 재미있는, 흥미로운|0||
35|admit|시인[인정]하다; 입장을 허가하다|0||
35|commit|(죄, 과실 등을) 범하다; 약속하다|0||
35|committee|위원회|0||
35|emit|(가스, 빛, 열 등을) 내뿜다, 방출하다|0||
35|omit|생략하다, 빠뜨리다|0||
35|permit|허락하다, 용인하다; 허가증|0||
35|submit|제출하다; 복종[굴복]하다|0||
35|transmit|보내다, (정보 등을) 전하다; 투과시키다|0||
35|mission|임무, 사명, (군사) 특명; 목표|0||
35|commission|위원회; 수수료; 위임(장)|0||
35|mess|더러움, 어수선함, 혼란(상태)|0||
35|moderate|(양, 크기, 정도 등이) 중간의; 온건한|0||
35|modernize|현대[근대]화하다, 현대식으로 만들다|0||
35|modest|겸손한; 별로 많지[크지] 않은|0||
35|modify|변경하다, 수정하다|0||
35|accommodate|숙박시키다, (사람을) 수용하다|0||
35|commodity|상품, 판매상품|0||
35|mold|(주조용의) 형, 틀; 곰팡이|0||
35|mortal|죽을 운명의; 치명적인; 인간|0||
35|mortgage|저당(권); 융자|0||
35|murder|살인(죄); 죽이다|0||
36|move|움직이다, 이동하다; 이사하다; 움직임|0||
36|motive|동기, 자극; 원동력이 되는|0||
36|emotion|감정, 정서|0||
36|promote|장려[촉진]하다; 승진[승격]시키다|0||
36|remote|(시공간, 관계 등이) 먼; (가능성이) 희박한|0||
36|moment|순간, 찰나; (특정한) 때, 시기|0||
36|mob|군중, 폭도, 떼|0||
36|community|공동체; 단체, 모임|0||
36|communism|공산주의 (체제)|0||
36|communicate|전달하다, 의사소통하다|0||
36|common|일반의, 흔한, 보통의; 공통의, 공동의|0||
36|mutual|상호 간의, 서로의, 공통의|0||
36|commute|(정기적으로) 통근하다|0||
36|native|출생지의, 원주민의; 타고난, 천부적인|0||
36|nation|국가, 나라; 국민, 민족|0||
36|nature|자연(계); 성질, 특징, 천성|0||
36|innate|타고난, 선천적인, 천성의|0||
36|negative|부정의, 반대의; 소극적인|0||
36|deny|부인[부정]하다; 거절하다|0||
36|neutral|중립의; 중간의; 중립|0||
36|norm|표준, 기준; 평균, 정상|0||
36|enormous|거대한, 엄청나게 큰, 막대한|0||
37|note|메모; (강의 등의) 기록; 주목하다; 언급하다|0||
37|notice|알아차리다; 주목(하다); 게시(물)|0||
37|notify|알리다, 통보하다|0||
37|notion|관념, 생각, 의견|0||
37|announce|(공식적으로) 발표하다, 알리다|0||
37|pronounce|발음하다; 선언하다|0||
37|novel|(장편) 소설; 새로운, 기발한|0||
37|innovate|혁신하다, 쇄신하다|0||
37|renew|갱신하다; 재개하다|0||
37|nutrition|영양분 (섭취)|0||
37|nourish|영양분을 주다; 육성[조성]하다|0||
37|nurse|간호사; 유모; 간호하다, 돌보다|0||
37|melody|멜로디, 선율, 가락|0||
37|comedy|희극, 희극적 사건|0||
37|tragedy|비극, 비극적 사건|0||
37|operate|작동하다[시키다]; 영업하다; 수술하다|0||
37|cooperate|협력하다, 협동하다, 협조하다|0||
37|option|선택(권); 선택 과목|0||
37|adopt|입양하다; 채택하다|0||
37|opinion|의견, 생각, 견해|0||
38|ordinary|보통의, 평범한, 통상적인|0||
38|subordinate|하위의; 부차[부수]적인; 하급자|0||
38|coordinate|조직화하다; 조정하다|0||
38|origin|기원, 유래; 출신|0||
38|orient|동양; (일정 방향으로) 향하게 하다|0||
38|prepare|준비하다, 대비하다|0||
38|apparatus|기구, 기계, 장치; 조직|0||
38|emperor|황제, 제왕|0||
38|imperial|제국의, 황제의|0||
38|apparent|명백한; 외견상의, 겉모양만의|0||
38|transparent|투명한, 비치는; 명쾌한, 이해하기 쉬운|0||
38|appear|~처럼 보이다, ~인 것 같다; 나타나다|0||
38|compare|비교하다, 견주다; 비유하다|0||
38|peer|동료, 필적하는 사람; 응시하다|0||
38|partial|부분적인; 불공평한, 편파적인|0||
38|partly|부분적으로, 어느 정도|0||
38|particle|소량, 미량, 작은 조각; 소립자|0||
38|particular|특정한; 특별한; (성격 등이) 까다로운|0||
38|apart|(시간, 공간적으로) 떨어져(진); 따로따로(인)|0||
38|portion|부분; (음식) 1인분|0||
38|proportion|비율, (~에 대응한) 크기; 균형|0||
39|passage|통로; (책, 기사 등의) 한 구절; 경과|0||
39|passenger|승객, 여객|0||
39|passerby|통행인|0||
39|pastime|오락, 소일거리|0||
39|surpass|~을 능가하다, ~보다 낫다|0||
39|pace|속도, 페이스; 걸음|0||
39|pathetic|한심한; 애처로운|0||
39|patient|환자; 참을성[인내심]이 있는|0||
39|passion|열정; 열중, 애착|0||
39|compassion|동정, 측은하게 여기는 마음|0||
39|patriot|애국자|0||
39|patron|후원자, 후원 단체; 고객, 단골|0||
39|pattern|양식, 형태, 패턴; 도안, 무늬; 견본|0||
39|pedestrian|보행자; 보행자(용)의|0||
39|expedition|원정, 탐험(대)|0||
39|compel|억지로 ~하게 하다, 강요하다|0||
39|expel|추방하다, 쫓아내다|0||
39|appeal|호소(하다), 간청(하다); 흥미를 끌다|0||
39|impulse|충동, 자극; 추진(력)|0||
39|penalty|형벌; 벌금; 불이익|0||
39|painful|괴로운, 고통스러운, 아픈|0||
39|punish|벌하다, 처벌하다|0||
40|depend|의지[의존]하다, 믿다; ~에 달려 있다|0||
40|suspend|일시 중지하다; 매달다|0||
40|compensate|보충[보완]하다; 보상[배상]하다|0||
40|pension|연금|0||
40|ponder|깊이 생각하다, 심사숙고하다|0||
40|experience|경험; 경험하다, 체험하다|0||
40|experiment|실험(하다), 시도(하다)|0||
40|expert|전문가(의), 숙련가(의)|0||
40|peril|위험, 모험|0||
40|compete|경쟁하다, 겨루다|0||
40|competence|능력, 역량|0||
40|petition|탄원(서), 청원, 간청; 탄원[청원]하다|0||
40|appetite|식욕, 시장기; 욕구|0||
40|repeat|반복하다; 따라 말하다|0||
40|phantom|유령, 허깨비, 환상|0||
40|phenomenon|현상, 사건|0||
40|fantasy|공상, 환상|0||
40|fancy|장식적인; 고급의; 선호|0||
40|pant|숨을 헐떡이다; 숨참, 헐떡임|0||
40|emphasize|강조하다, 중요시하다|0||
40|phase|국면, 양상, (발전의) 단계|0||
41|applaud|(공연, 연설 등에) 박수갈채하다; 칭찬하다|0||
41|explode|폭발하다[시키다]; 크게 증가하다|0||
41|complete|전체의; 완전한, 완성된; 끝내다, 완성하다|0||
41|complement|보충물, 보완하는 것; 보완하다|0||
41|implement|실행[이행]하다; 도구, 연장|0||
41|compliment|칭찬, 찬사; 칭찬하다|0||
41|accomplish|이루다, 성취하다, 완성하다|0||
41|supply|공급(량), 보급품; 공급하다|0||
41|plenty|풍부함, 넉넉함|0||
41|please|기쁘게 하다, 만족시키다|0||
41|plead|간청[탄원]하다; 주장[변론]하다|0||
41|complicate|복잡하게 하다|0||
41|simplicity|단순함, 간단함|0||
41|complex|복잡한; 복합의; 건물 단지, 복합건물|0||
41|perplex|(사람을) 당황[난처]하게 하다|0||
41|imply|내포[함축]하다, 넌지시 비추다|0||
41|apply|지원하다; 적용하다[되다], 응용하다|0||
41|diplomatic|외교(상)의; 외교에 능한|0||
41|employ|(사람을) 고용하다; 사용하다|0||
41|exploit|이용하다, 착취하다; 개발하다|0||
41|explore|탐험하다|0||
41|deplore|한탄[개탄]하다, 비판하다|0||
42|political|정치(상)의; 정치적인|0||
42|policy|정책, 방책, 방침; 보험 증권|0||
42|metropolis|대도시, (인구, 문화 등의) 중심지|0||
42|popular|인기 있는; 대중적인, 대중의|0||
42|populate|거주시키다; (~에) 살다, 거주하다|0||
42|public|공공의, 일반 대중의; 공적인|0||
42|publish|출판[발행]하다; 발표[공표]하다|0||
42|republic|공화국, 공화 정치 체제|0||
42|export|수출(품); 수출하다|0||
42|import|수입(품); 수입하다|0||
42|transport|수송[운송]하다; 수송[운송]|0||
42|portable|휴대용의, 가지고 다닐 수 있는|0||
42|opportunity|(좋은) 기회, 호기|0||
42|pose|제기하다, 야기하다; 포즈(를 취하다)|0||
42|positive|긍정적인, 적극적인; 분명한, 확신하는|0||
42|deposit|계약금, 예약금, 보증금; 예금하다|0||
42|impose|(의무, 세금, 벌 등을) 부과하다; 강요하다|0||
42|purpose|목적, 의도, 의향|0||
42|oppose|반대하다; 저항하다, 대립하다|0||
42|suppose|추측하다, 생각하다; 가정하다|0||
42|component|구성 요소, 성분; 구성하는|0||
42|opponent|상대, 적, 반대자|0||
42|compound|합성물, 합성어; 합성의|0||
43|possible|가능한, 있을 수 있는|0||
43|possess|소유하다; (감정, 생각 등이) 지배하다|0||
43|potential|잠재적인, 가능성 있는; 잠재력, 가능성|0||
43|precious|귀중한, 소중한; 값비싼|0||
43|appreciate|이해하다, 깨닫다; 고맙게 여기다; 감상하다|0||
43|praise|칭찬하다, 찬양하다; 칭찬|0||
43|priceless|매우 귀중한, 값을 매길 수 없는|0||
43|comprehend|이해하다, 파악하다|0||
43|prison|감옥, 형무소|0||
43|imprison|투옥하다, 감금하다|0||
43|enterprise|기업, 회사; 기업 경영; 사업, 계획|0||
43|surprising|놀라운, 깜짝 놀랄 만한, 의외의|0||
43|prey|먹이; 희생(물); 잡아먹다|0||
43|pressure|압력, 압박(감)|0||
43|express|표현하다, 나타내다; 명시된; 급행의|0||
43|impress|깊은 인상을 주다; (도장 등을) 찍다|0||
43|oppress|억압하다|0||
43|prime|가장 중요한, 최상의; 전성기|0||
43|primary|제1의, 주요한; 최초의; 초등의|0||
43|primitive|원시(시대)의, 원시적인|0||
43|principal|주요한, 으뜸가는; 교장, 학장|0||
43|principle|원리, 원칙|0||
43|prior|먼저의, 이전의; ~에 우선하는|0||
44|private|개인적인, 사적인, 사유의; 비밀의|0||
44|deprive|~을 빼앗다, 박탈하다|0||
44|probable|있을 법한, 그럴듯한|0||
44|probe|엄밀히 조사하다, (진상 등을) 규명하다|0||
44|prove|증명[입증]하다; (~으로) 판명되다|0||
44|approve|찬성하다, 승낙하다; 허가하다|0||
44|proper|적당한, 알맞은, 어울리는, 올바른|0||
44|property|재산, 소유물|0||
44|appropriate|적당한, 타당한|0||
44|punctual|시간을 엄수하는, 기한을 지키는|0||
44|punctuate|구두점을 찍다|0||
44|disappoint|실망시키다, (기대 등을) 저버리다|0||
44|dispute|논쟁[논의], 분쟁; 논쟁[논의]하다|0||
44|reputation|평판, 명성, 명망|0||
44|acquire|획득하다; (지식, 기술 등을) 습득하다|0||
44|require|필요로 하다; (법, 규칙 등이) 규정하다|0||
44|inquire|묻다; 조사하다|0||
44|conquer|정복하다, 이기다, 극복하다|0||
44|request|요청(하다), 요구(하다)|0||
44|exquisite|정교한; 매우 훌륭한|0||
45|range|줄; 범위; 산맥; ~에 (걸쳐) 이어지다|0||
45|arrange|(미리) 계획하다, 정하다; 정돈하다|0||
45|rank|계급, 지위; 열, 줄, 정렬|0||
45|rate|비율; 속도; 요금, 가격; 등급; 평가하다|0||
45|rational|이성적인; 분별 있는, 이치에 맞는|0||
45|reason|이유; 이성, 판단력; 추리[추론]하다|0||
45|erect|똑바로 선; (똑바로) 세우다|0||
45|correct|옳은; 적당한; 바로잡다, 정정하다|0||
45|direct|직접의; 직행의; (주의, 노력 등을) 향하게 하다|0||
45|region|지역, 지방, 지대; (신체의) 부분|0||
45|regular|규칙적인, 정기적인; 보통의|0||
45|regulate|규제하다, 규정하다; 조정하다|0||
45|reign|통치 기간, 정권 기간; 통치하다|0||
45|royal|왕의, 왕립의|0||
45|rotate|회전하다[시키다]; 교대하다[시키다]|0||
45|control|통제(하다), 억제(하다); 지배; 조절|0||
45|enrol(l)|등록하다, 명부에 올리다, 가입하다|0||
45|bankrupt|파산한, 지불 불능의; 파산시키다|0||
45|corrupt|부패한, 부정한; 부패[타락]시키다|0||
45|erupt|(폭력 사태, 소음 등이) 갑자기 발생하다|0||
45|interrupt|가로막다, 방해하다; (일시적으로) 중단시키다|0||
45|route|길; 항로, 노선|0||
45|routine|일상적인 일[과정], 틀에 박힌 일|0||
46|sacred|신성한; 종교적인|0||
46|sacrifice|희생(하다); 제물(로 바치다)|0||
46|saint|성인, 성자|0||
46|ascend|(산, 계단 등을) 오르다; (지위 등이) 높아지다|0||
46|scale|규모, 정도; 계급, 등급; 축척, 비율|0||
46|escalator|에스컬레이터|0||
46|conscious|~을 의식[자각]하고 있는; 의도적인|0||
46|conscience|양심, 도덕심|0||
46|scientific|과학적인, 과학의|0||
46|describe|묘사하다, 기술하다|0||
46|prescribe|(약 등을) 처방하다; (공식적으로) 규정하다|0||
46|subscribe|(신문, 잡지 등을) (정기) 구독하다|0||
46|ascribe|(원인, 결과 등을) ~의 탓[덕]으로 돌리다|0||
46|section|부분, 구획; 구역, 지역; 절개|0||
46|insect|곤충, 벌레|0||
46|segment|부분, 구획, 분야; (과일의) 한 조각|0||
46|sense|감각; 느낌; 분별[판단]력, 의미, 뜻|0||
46|sensation|감각; 느낌, 기분; 대소동|0||
46|nonsense|무의미한[어리석은] 말[행동]|0||
46|assent|(공식적인) 동의, 찬성; 승인하다|0||
46|sentiment|감정, 정서; 감상|0||
46|consent|승낙, 허가, 동의|0||
46|resent|분개하다, 화를 내다|0||
46|scent|향기, 냄새|0||
47|sequence|연속, 잇달아 일어남; 순서, 차례|0||
47|consequence|결과; 영향; 중요성|0||
47|subsequent|다음의, 그 뒤[후]의|0||
47|pursue|(~을) 추구하다; 뒤쫓다|0||
47|suit|적합하다, 알맞다, 편리하다; 정장|0||
47|execute|처형하다; 실행하다, 수행하다|0||
47|insert|삽입하다, 넣다|0||
47|desert|사막; 버리다, 떠나다|0||
47|series|(사건 등의) 연속; (TV 등의) 연속물|0||
47|exert|(영향력 등을) 발휘하다, 행사하다|0||
47|conserve|보존하다, 보호하다|0||
47|deserve|~을 받을 만하다|0||
47|preserve|보호하다; 유지하다|0||
47|reserve|예약하다; 남겨 두다, 비축하다|0||
47|observe|알아채다; 관찰하다; 준수하다|0||
47|reside|거주하다, 살다|0||
47|president|대통령; (기업 등의) 회장|0||
47|session|회기, 학기; (회의 등이) 진행 중인 시기|0||
47|settle|해결하다, 끝내다; 정착하다[시키다]|0||
48|signature|서명|0||
48|signify|나타내다, 표시하다; 중요하다|0||
48|assign|(임무 등을) 부여하다; 할당하다, 배당하다|0||
48|resign|(직위 등을) 사임하다|0||
48|seal|바다표범, 물개; 인장, 도장; 봉인|0||
48|similar|비슷한, 유사한|0||
48|resemble|~와 닮다, 유사하다|0||
48|assemble|모으다[모이다]; 조립하다|0||
48|seemingly|겉보기에는, 얼핏 보기에|0||
48|simulation|흉내, 가상[모의] 실험|0||
48|simultaneously|동시에, 일제히|0||
48|social|사회의, 사회적인; 사교상의|0||
48|associate|관련시켜 생각하다; 교제하다; 동료|0||
48|sociology|사회학|0||
48|sole|유일한, 단 하나의|0||
48|solitary|고독한; 혼자서 하는|0||
48|solitude|혼자 있음, 고독|0||
48|desolate|황량한, 인기척이 없는; 쓸쓸한|0||
48|solve|(문제 등을) 풀다, 해결하다|0||
48|resolve|해결하다; 결정하다, 결심하다|0||
48|dissolve|(고체가[를] 액체로) 녹[이]다; 해산시키다|0||
49|philosophy|철학|0||
49|sophisticated|세련된, 경험 많은; 정교한, 복잡한|0||
49|sophomore|(대학, 고교의) 2학년생|0||
49|spectacle|구경거리, 장관; 안경|0||
49|aspect|측면, 국면, (사물 등의) 방향, 면|0||
49|expect|기대하다, 예상하다|0||
49|inspect|조사[검사]하다; 사찰[감사]하다|0||
49|respect|존경(하다), 존중(하다); 측면, 관점|0||
49|prospect|전망, 가망, 기대; (성공) 가능성|0||
49|suspect|의심하다, 혐의를 두다; 용의자|0||
49|species|(생물 분류상의) 종; 종류|0||
49|specific|특정한; 구체적인|0||
49|special|특별한|0||
49|specimen|견본, 표본|0||
49|despite|~에도 불구하고|0||
49|prosper|(일, 사업 등이) 번영[번성]하다|0||
49|despair|절망(하다), 자포자기(하다)|0||
49|sphere|구, 구형; 영역, 분야|0||
49|atmosphere|공기, 대기; 분위기|0||
49|hemisphere|(지구, 하늘의) 반구|0||
50|spirit|정신, 마음; 영혼; 열정, 사기|0||
50|aspire|열망[갈망]하다, 바라다|0||
50|inspire|고무시키다, 격려하다; 영감을 주다|0||
50|expire|(계약, 임기 등이) 만기가 되다|0||
50|respond|반응하다; 대답[응답]하다|0||
50|sponsor|후원자, 스폰서; 후원하다|0||
50|stand|서다; ~에 있다[위치하다]|0||
50|standard|표준, 기준, 수준; 표준의|0||
50|state|상태, 상황; 국가, 주; 진술하다|0||
50|statistics|통계(치[량/표]); 통계학|0||
50|statue|(사람, 동물 등의) 상, 조각상|0||
50|status|지위, 신분|0||
50|stable|안정된, 견고한; 마구간, 외양간|0||
50|establish|설립하다, 제정하다; 입증[증명]하다|0||
50|constant|끊임없는, 계속되는; 불변(의)|0||
50|ecstasy|무아의 경지, 황홀경|0||
50|estate|재산, 자산; 토지, 소유지|0||
50|instance|예, 실례, 사례, 경우|0||
50|instant|즉석의, 즉각적인; 순간, 찰나|0||
50|obstacle|장애(물), 방해(물)|0||
50|substance|물질, 물체; 실체, 본체, 본질|0||
51|assist|돕다, 거들다, 원조하다|0||
51|consist|~에 존재하다; ~로 이루어지다|0||
51|exist|존재하다, 실재하다|0||
51|insist|주장하다, 고집하다; 요구하다|0||
51|resist|반대하다, 저항[반항]하다; 견디다|0||
51|arrest|체포(하다)|0||
51|cost|비용, 값; 희생, 손실; (비용이) 들다|0||
51|steady|꾸준한, 지속적인; 안정된|0||
51|system|체계, 체제, 시스템, 방식|0||
51|constitute|구성하다; ~로 간주되다; 설립하다|0||
51|institute|학회, 협회, 연구소; 제정하다|0||
51|substitute|대체하다, 바꾸다; 대신하다; 대용품, 대리인|0||
51|destined|~할 운명의, ~하기로 되어 있는|0||
51|superstition|미신|0||
51|distinguish|구별하다, 분간하다; 두드러지게 하다|0||
51|extinguish|(불 등을) 끄다, 소멸시키다|0||
51|distinct|별개의, 다른; 확실한, 명료한|0||
51|instinct|본능, 본성|0||
51|stimulate|자극[촉진]하다; 격려하다, 고무하다|0||
52|strict|엄격한, 엄한; 정확한, 엄밀한|0||
52|restrict|제한하다, 한정하다|0||
52|district|(행정구, 선거구 등의) 지구, 구역|0||
52|strain|긴장(감), 피로; 노력하다|0||
52|restrain|제지하다; 억누르다, 억제하다|0||
52|strait|해협|0||
52|distress|고통, 고뇌; 빈곤, 조난; 괴롭히다|0||
52|stress|긴장, 스트레스; 스트레스를 주다[받다]|0||
52|prestige|명성, 위신; 명성이 있는|0||
52|structure|구조, 조직; 건축물, 구조물; 구성하다|0||
52|construct|건설하다, 세우다; (문장 등을) 만들다|0||
52|instruct|(~하라고) 지시하다; 가르치다|0||
52|destroy|파괴하다, 손상시키다; 망치다|0||
52|instrument|기구, 도구; 악기|0||
52|industry|산업, 공업; 근면|0||
52|insult|모욕하다, 창피를 주다; 모욕|0||
52|result|결과, 결말; ~의 결과로서 일어나다|0||
52|salmon|연어|0||
52|assume|가정하다, (책임, 임무 등을) (떠)맡다|0||
52|consume|소비하다, 쓰다; 먹다, 마시다|0||
52|presume|가정하다, 추측하다|0||
52|resume|재개하다; 되찾다|0||
53|assure|보장하다, 장담하다; ~을 확실하게 하다|0||
53|insure|보험에 들다|0||
53|surge|밀어닥치다, 쇄도하다; 급증하다|0||
53|source|근원, 원천; 원인|0||
53|resource|자원, 물자, 자산; (학습, 연구) 자료|0||
53|attach|붙이다; 소속시키다; 애착을 갖게 하다|0||
53|attack|공격; (갑작스런) 발병; 공격하다|0||
53|stake|돈, 지분, 내기(돈); 말뚝|0||
53|intact|온전한, 손상되지 않은|0||
53|contact|접촉, 연락, 교섭; 인맥; 연락하다|0||
53|integrate|통합하다[되다]; 인종 차별을 철폐하다|0||
53|attain|달성하다; 도달하다|0||
53|entire|전체의; 완전한|0||
53|tailor|재단사; 맞추어 만들다|0||
53|retail|소매(하다); 소매의; 소매로|0||
53|detail|세부 사항, 사소한 것[일]; 상세 정보|0||
53|contain|포함하다, 함유하다, 수용하다, 담다|0||
53|entertain|즐겁게 하다; 대접하다, 환대하다|0||
53|obtain|얻다, 획득하다|0||
53|retain|보유하다, 유지하다; (정보 등을) 기억하다|0||
53|sustain|유지하다, 지속시키다; 겪다, 입다|0||
53|content|내용(물); 용량, 함유량|0||
53|continent|대륙, 육지|0||
53|continue|계속하다[되다]; 다시 시작하다|0||
54|technique|(전문)기술, 기법, 테크닉|0||
54|technology|과학 기술|0||
54|temperate|온화한, 온난한; 온건한|0||
54|temperature|온도, 기온; (몸의) 체온|0||
54|temper|성미, 기질; (일시적) 기분|0||
54|temperament|기질, 성질|0||
54|temporary|일시적인; 임시의|0||
54|contemporary|현대의, 당대의; 동시대의; 동시대인|0||
54|tempt|유혹하다; ~할 생각이 들게 하다|0||
54|attempt|시도, 노력; 시도하다|0||
54|attend|출석[참석]하다; 돌보다; 간호하다|0||
54|pretend|~인 체하다, 가장하다|0||
54|extend|연장하다[되다], 확장하다[되다]|0||
54|intend|~할 작정이다; 의도하다|0||
54|tend|~하는 경향이 있다, ~하기 쉽다|0||
54|tender|부드러운, 연한, 다정한|0||
54|tense|긴장한; 시제|0||
54|intense|강렬한, 심한; 열렬한, 열심인|0||
54|terminal|말기의; 끝의, 말단의|0||
54|terminate|종결하다[시키다], 끝나다|0||
54|determine|결정하다[짓다]; 결심하다|0||
54|term|용어, 말; 관점, 측면; 기간, 임기|0||
55|terrible|무서운, 끔찍한; 심한, 대단한|0||
55|terror|공포, 두려움; 테러|0||
55|terrify|겁나게 하다, 무섭게 하다|0||
55|terrestrial|지구(상)의, 지상의, 육지의|0||
55|territory|영토; 지방, 지역, 구역|0||
55|testify|증언하다; 증명하다|0||
55|contest|경쟁, 경연; 경쟁하다, 겨루다|0||
55|protest|항의, 시위, 이의 (제기)|0||
55|text|본문, 텍스트; 원문|0||
55|context|배경, 정황; 문맥, 전후 관계|0||
55|textile|직물, 옷감|0||
55|theology|신학|0||
55|enthusiasm|열정, 열광, 열중|0||
55|tone|음색, 음성; 어조, 말투; 색조|0||
55|intonation|억양, 어조|0||
55|monotonous|단조로운, 변화 없는, 지루한|0||
55|tune|가락, 곡, 선율; 조율하다|0||
55|torture|고문; 심한 고통; 고문하다; 괴롭히다|0||
55|distort|(정보, 사실 등을) 왜곡하다; 비틀다|0||
55|torment|고통, 고뇌; 괴롭히다|0||
56|abstract|추상적인; 이론적인; 추상; 요약|0||
56|attract|(주의, 흥미 등을) 끌다, 매혹하다|0||
56|contract|계약; 계약을 맺다; 수축하다, 줄[이]다|0||
56|distract|흐트러뜨리다, 산만하게 하다|0||
56|extract|뽑아내다, 추출(하다); 발췌(하다)|0||
56|treat|대(우)하다, 다루다; 치료하다|0||
56|treaty|(국가 간의) 조약, 협정|0||
56|retreat|후퇴(하다), 물러서다; 철회(하다)|0||
56|trace|추적하다; 알아내다; 자국, 자취|0||
56|track|통로; 흔적; 자취를 따라가다|0||
56|trail|질질 끌다; 추적하다; 오솔길; 흔적|0||
56|portray|묘사하다; 표현하다|0||
56|tradition|전통, 관습, 전해진 것|0||
56|betray|배반[배신]하다, 저버리다; 폭로하다|0||
56|traitor|배신자, 반역자|0||
56|tremble|떨[리]다; 흔들리다, 진동하다|0||
56|tremendous|엄청난, 막대한; 멋진, 대단한|0||
56|attribute|~의 탓[덕]으로 돌리다; 성질, 특성|0||
56|contribute|기부[기증]하다; ~에 기여하다|0||
56|distribute|분배하다, 배급하다, 배포하다|0||
56|trust|신뢰(하다), 믿음; 위탁, 신탁|0||
56|entrust|맡기다, 위탁하다|0||
56|truthful|정직한; (대답 등이) 진실한, 참된|0||
57|intrude|방해하다, 참견하다; 침입하다|0||
57|thrust|세게 밀다; 찌르다; 요점, 취지|0||
57|threat|위협, 협박|0||
57|disturb|방해하다; 깨뜨리다, 어지럽히다|0||
57|trouble|문제, 어려움, 곤란, 근심; 괴롭히다|0||
57|abound|풍부하다, 많이 있다|0||
57|surround|둘러싸다, 에워싸다, 포위하다|0||
57|urban|도시의|0||
57|suburb|교외, 도시 주변의 주택지|0||
57|use|사용하다, 쓰다; 사용, 이용|0||
57|abuse|학대(하다); 남용(하다), 오용(하다)|0||
57|utensil|도구, 기구 (특히 주방기구)|0||
57|utilize|활용하다, 이용하다|0||
57|evade|회피하다; ~을 탈출하다|0||
57|invade|침략[침입]하다; 침해하다|0||
57|vague|명확지 않은, 애매한, 막연한|0||
57|extravagant|낭비하는, 사치스러운; 지나친|0||
57|value|가치; 유용성, 중요성; 높이 평가하다|0||
57|evaluate|(가치, 수량 등을) 평가하다, 사정하다|0||
57|valid|유효한; 타당한, 논리적인|0||
57|available|이용할 수 있는, 쓸모 있는|0||
57|prevail|만연하다; 우세하다, 이기다|0||
58|vanish|사라지다, 소멸하다|0||
58|vain|허영심이 강한; 헛된, 무익한|0||
58|avoid|피하다, 회피하다|0||
58|vacant|비어있는, 사람이 살지 않는; 빈자리의|0||
58|vacuum|진공; (자리, 마음 등의) 공백, 공허|0||
58|avenge|(피해자를 대신해) 복수하다|0||
58|revenge|(피해자 자신이) 복수(하다)|0||
58|adventure|모험(심), 색다른 경험|0||
58|venture|사업, 벤처 사업; 위험을 무릅쓰고 가다|0||
58|convention|집회, 모임; 협정; 관습, 인습|0||
58|event|(중요한) 사건; 행사, 이벤트|0||
58|invent|발명하다, 고안하다; 꾸며내다|0||
58|prevent|막다, 예방하다, 방해하다|0||
58|avenue|대로, 길; (성취를 위한) 수단|0||
58|convenient|편리한, 사용하기 쉬운|0||
58|intervene|중재하다, 개입하다; 끼어들다|0||
58|souvenir|기념품, 기념 선물|0||
58|advertise|광고하다, 선전하다, 홍보하다|0||
58|convert|바꾸다, 변화시키다, 개조하다|0||
58|vertical|수직의, 바로 선; 수직(선)|0||
58|converse|대화하다, 담화하다; 정반대(의)|0||
58|diverse|다양한, 가지각색의|0||
58|reverse|뒤집다, 거꾸로 하다; 후진하다|0||
58|verse|(시의) 연, (노래의) 절; 시[운문]|0||
58|version|(어떤 것의) 변형, 판; 소견|0||
58|divorce|이혼(하다)|0||
59|via|~을 경유하여; ~을 매개로 하여|0||
59|obvious|분명한, 명백한|0||
59|previous|이전의, 앞의, 사전의|0||
59|convey|(생각, 감정 등을) 전하다; 나르다|0||
59|voyage|항해(하다), 여행(하다)|0||
59|convict|유죄를 선고[입증]하다; 죄수|0||
59|victory|승리|0||
59|convince|확신[납득]시키다; 설득하다|0||
59|divide|나누다, 분할하다, 분열되다|0||
59|individual|개별의, 개개의; 독특한; 개인, 개체|0||
59|devise|(방법, 장치 등을) 고안하다, 궁리하다|0||
59|widow|미망인, 과부|0||
59|vigor|활력, 기력, 정력|0||
59|vegetable|채소; 식물; 무기력한 사람|0||
59|vision|시력, 시야; 선견지명; 미래상; 상상력|0||
59|supervise|감독하다, 관리하다|0||
59|provide|공급[제공]하다; 부양하다; 규정하다|0||
59|evidence|증거|0||
59|view|관점, 견해; 간주하다; 보다|0||
59|interview|면접(하다[보다]); 회견(하다)|0||
59|review|재검토(하다); 비평(하다); 복습(하다)|0||
59|envy|선망, 질투; 부러워하다|0||
59|survey|조사(하다); 측량(하다)|0||
60|survive|살아남다, 생존하다; 극복하다|0||
60|vivid|생생한, 선명한|0||
60|vital|매우 중요한, 필수적인; 활기찬|0||
60|vocal|목소리의, 음성의; 보컬|0||
60|vocabulary|어휘|0||
60|vocation|천직, 직업; 소명, 사명감|0||
60|advocate|옹호하다, 지지하다; 옹호자, 지지자|0||
60|evoke|(기억, 감정을) 불러일으키다|0||
60|vowel|모음|0||
60|voluntary|자발적인; 자원 봉사의|0||
60|benevolent|자비로운, 친절한|0||
60|evolve|진화[발전]하다[시키다]|0||
60|involve|포함하다, 수반하다; 관계[관련]시키다|0||
60|revolve|돌(리)다, 회전하다[시키다]|0||
60|volume|음량, 볼륨; 양, 부피; 책|0||
60|revolt|반란(을 일으키다), 반항(하다)|0||
60|award|상, 상금; (상 등을) 수여하다|0||
60|reward|보상(금), 보수; 보상하다|0||
60|aware|알고 있는, 의식[인식]하는|0||
60|warn|경고하다, 주의시키다|0||
