1|agreement|n. 일치, 합의
1|assure|v. 보장하다, 보증하다
1|favorably|adv. 호의적으로, 순조롭게 
1|address|v. 연설을 하다, (문제를)다루다 n. 주소, 인사말
1|capacity|n. 수용력, 용적, 재능
1|authorized|adj. 인정받은, 권한을 부여받은
1|clearly|adv. 뚜렷하게, 명확히
1|confirm|v. 확인하다, 승인하다
1|cause|n. 원인, 이유  v. 야기하다, 원인이 되다
1|complimentary|adj. 무료의, 칭찬의
1|widely|adv. 광범위하게, 널리
1|delegation|n. (집합적)대표단, 위임
1|conclusive|adj. 결정적인, 단호한
1|extremely|adv. 극단적으로, 몹시
1|discontinue|v. 중단하다, 중지되다
1|employee|n. 피고용인, 종업원
1|dependent|adj. 달려 있는, 의존적인
1|estimate|n. 평가, 견적(서)  v. 견적을 내다, 추정하다
1|enclosed|adj. 동봉된, 둘러싸인
1|run|v. 경영하다
1|failure|n. 실패, 고장, 불이행
1|recruit|v. (신입 사원 등을)모집하다  n. 신입 사원, 신 회원
1|grant|n. 보조금, 허가, 수여  v. 수여하다, 주다
1|due|adj. 만기가 된, 지불기일이 된
1|screen|v. 심사하다, 선발하다  n. 화면, 칸막이
1|leading|adj. 주요한, 선도하는, 일류의
1|refund|n. 환불(금)  v. 환불하다
1|location|n. 장소, 위치
1|face|v. (문제 등에)직면하다  n. 표면, 외관
1|divide|v. 나누다, 분류하다, 나누어지다  n. 분배, 나누기
2|applicant|n. 지원자, 신청자
2|additional|adj. 추가의, 부가적인
2|nearly|adv. 거의, 대략
2|assign|v. 배정하다, 할당하다
2|change|n. 요금, 청구 금액, 의무  v. 청구하다
2|complicated|adj. 복잡한, 이해하기 어려운
2|closely|adv. 밀접하게, 자세하게
2|install|v. 설치하다, 장치하다
2|compliance|n. (명령.법규의)준수
2|considerable|adj. 상당한
2|officially|adv. 공식적으로
2|attain|v. (목표를)달성하다
2|exclusive|adj. 독점적인, 유일한
2|highly|adv. 매우, 몹시
2|conduct|v. (업무 등을)수행하다, 처리하다  n. 행위
2|growth|n. 발전, 발달, 증대
2|experienced|adj. 숙련된, 경험 있는
2|fit|v. (치수가 ~에)꼭 맞다, 적합하다  adj. 적당한, 꼭 맞는
2|guarantee|n. 보증(서), 담보(물)  v. 보장하다
2|incidental|adj. 부수적인, 결과적인  n. 부수적인 일, 사건
2|exchange|v. 교환하다, 바꾸다  n. 교환(물), 환전
2|instruction|n. 사용설명서, 교육
2|bankrupt|adj. 지불 능력이 없는, 파산한
2|postpone|v. 연기하다
2|poll|n. 조사, 투표  v. 여론 조사를 하다, 표를 얻다
2|numerous|adj. 수많은, 셀 수 없이 많은
2|reach|v. 도착하다, (결론.합의.결과 등에)도달하다
2|means|n. 방법, 수단
2|opening|n. 공석, 결원
2|evaluation|n. 가치, (질에 대한)평가